,name_en,code,cons_abbr,name_cn,brightness,misc,top20,commonly_used
0,Acamar,q,Eri,天園六,2.91,,no,yes
1,Achernar,a,Eri,水委一,0.46,,yes,yes
2,Achird,h,Cas,王良三,3.6,d,no,no
3,Acrab,b,Sco,房宿四,2.55,d,no,no
4,Acrux,a,Cru,十字架二,0.79,d,yes,yes
5,Acubens,a,Cnc,柳宿增三,4.3,,no,yes
6,Adara,e,CMa,弧矢七,1.5,,no,no
7,Adhafera,x,Leo,軒轅十一,3.6,,no,yes
8,Adhara,e,CMa,弧矢七,1.5,,no,yes
9,Adhil,n,And,奎宿七,4.2,,no,no
10,Agena,b,Cen,馬腹一,0.61,,no,no
11,Ain,e,Tau,畢宿一,3.6,,no,no
12,Ain al Rami,m1,Sgr,斗宿三,4.8,,no,no
13,Ak,a,UMa,"天樞, 北
斗一",1.79,,no,no
14,Al Anchat al Nahr,t2,Eri,天苑九,4.8,,no,no
15,Al Anf,e,Peg,危宿三,2.39,d ,no,no
16,Al Anz,e,Aur,柱一(畢宿),2.99,v,no,no
17,Al Athfar,m,Lyr,織女增三,5.1,,no,no
18,Al Atik,o,Per ,卷舌增七,3.8,,no,no
19,Al Baldah,p,Sgr,建三,2.89,,no,no
20,Al Bali,e,Aqr,女宿一,3.8,,no,no
21,Al Chiba,a,Crv,右轄,4,,no,no
22,Al Dhanab,b,Gru,鶴二,2.1,,no,no
23,Al Dhanab,g,Gru,敗臼一,3.01,,no,no
24,Al Dhiba,i,Dra,"左樞  ,  
紫微左垣一",3.3,,no,no
25,Al Dhihi,i,Dra,"左
樞  ,  紫微左垣一",3.3,,no,no
26,Al Dibah,x,Dra,"上弼  ,  
紫微左垣四",3.2,,no,no
27,Al Gieba,g,Leo,軒轅十二,1.9,d,no,no
28,Al Giedi,a,Cap ,牛宿二,3.6,d,no,no
29,Al Hammam,x,Peg,雷電一,3.4,,no,no
30,"Al      
        Kaff al Jidmah",g,Cet,天囷八,3.5,d,no,no
31,Al Kalb al Asad,a,Leo,軒轅十四,1.35,d,no,no
32,"Al      
        Kalb al Rai",r,Cep,芻��一,5.5,,no,no
33,Al Kaphrah,c,UMa,太陽守,3.7,,no,no
34,Al Kirduh,x,Cep,天鉤六,4.3,d,no,no
35,Al Mankib,a,Ori,參宿四,0.5,v,no,no
36,Al Minliar al Asad,k,Leo,軒轅七,4.5,,no,no
37,Al Minliar al Ghurab,a,Crv,右轄,4,,no,no
38,Al Minliar al Shuja,s,Hya,柳宿二,4.4,,no,no
39,Al Mizar,b,And,奎宿九,2.06,,no,no
40,Al Na'ir,a,Gru,鶴一,1.74,,no,yes
41,Al Nair,a,Gru,鶴一,1.74,,no,no
42,Al Nasl,g,Sgr,箕宿一,2.99,,no,no
43,Al Nath,g,Dra,天棓四,2.23,,no,no
44,Al Niyat,s,Sco,心宿一,2.89,,no,no
45,Al Niyat,t,Sco,心宿三,2.82,,no,no
46,Al Rakis,n,Dra,天棓二,5,d,no,no
47,Al Rescha,a,Psc,外屏七,4.3,d,no,no
48,Al Richa,a,Psc,外屏七,4.3,d,no,no
49,Al Rijil,a,Cen,南門二,-0.27,d,no,no
50,Al Rischa,a,Psc,外屏七,4.3,d,no,no
51,Al Rukbah al Dajajah,w2,Cyg,"天津增三
十四",5.4,,no,no
52,Al Sanam al Nakah,b,Cas,王良一,2.27,,no,no
53,Al Sheratain,b,Ari,婁宿一,2.64,,no,no
54,Al Suhail al Muhlif,g,Vel,天社一,1.8,,no,no
55,Al Suhail al Wazn,l,Vel,天記,2.21,,no,no
56,Al Tarf,b,Cnc,柳宿增十,3.5,,no,no
57,Al Tinnin,a,Dra,"右
樞  ,  紫微右垣一",3.7,,no,no
58,Aladfar,h,Lyr,輦道二,4.4,,no,no
59,Aladfar,m,Lyr,織女增三,5.1,,no,no
60,Alamak,g,And,天大將軍一,2.26,d,no,no
61,Alanf,e,Peg,危宿三,2.39,d,no,no
62,Alanz,e,Aur,柱一(畢宿),2.99,v,no,no
63,Alaraph,a,Vir,角宿一,0.98,,no,no
64,Alaraph,b,Vir,"右執法,太微右垣一",3.6,,no,no
65,Alaraph,e,Vir,"東次將,太微左垣四",2.83,,no,no
66,Alascha,l,Sco,尾宿八,1.63,,no,no
67,Alasco,h,UMi,勾陳增九,5,,no,no
68,Alathfar,m,Lyr,織女增三,5.1,,no,no
69,Albaldah,p,Sgr,建三,2.89,,no,no
70,Albali,e,Aqr,女宿一,3.8,,no,yes
71,Albereo,b,Cyg,輦道增七,3.08,d,no,no
72,Albireo,b,Cyg,輦道增七,3.08,d,no,yes
73,Albireor,b,Cyg,輦道增七,3.08,d,no,no
74,Alcaid,h,UMa,"搖光,北斗七",1.86,,no,no
75,Alchiba,a,Crv,右轄,4,,no,yes
76,Alchita,a,Crv,右轄,4,,no,no
77,Alcor,80,UMa,開陽增一,4,,no,yes
78,Alcyone,h,Tau,昴宿六,2.87,,no,yes
79,Alcyone,x,Tau,天關,3,,no,no
80,Aldebaran,a,Tau,畢宿五,0.85,d,yes,yes
81,Alderaimin,a,Cep,天鉤五,2.44,,no,no
82,Alderamin,a,Cep,天鉤五,2.44,,no,yes
83,Aldhafara,x,Leo,軒轅十一,3.6,,no,no
84,Aldhafera,x,Leo,軒轅十一,3.6,,no,no
85,Aldhibah,x,Dra,"上弼,紫微左垣四",3.2,,no,no
86,Aldhibain,h,Dra,"少宰,紫微左垣三",2.74,,no,no
87,Aldib,d,Dra,天廚一,3.07,,no,no
88,Alfard,a,Hya,星宿一,1.98,,no,no
89,Alfecca,a,CrA,鱉六,4.1,,no,no
90,Alfecca Meridiana,a,CrA,鱉六,4.1,,no,no
91,Alfirk,b,Cep,上衛增一(紫微左垣),3.3,,no,yes
92,Alga,q,Ser,"徐,天市左垣七",4.5,,no,no
93,Algebar,b,Ori,參宿七,0.12,d,no,no
94,Algedi,a2,Cap,牛宿二,3.6,d,no,yes
95,Algedi Prima,a1,Cap,牛宿增六,4.2,,no,no
96,Algedi Secunda,a2,Cap,牛宿二,3.6,,no,no
97,Algeiba,g,Leo,軒轅十二,1.9,d,no,no
98,Algenib,g,Peg,壁宿一,2.83,,no,yes
99,Algenib,a,Per,天船三,1.79,,no,no
100,Algenubi,e,Leo,軒轅九,2.98,,no,no
101,Algieba,g,Leo,軒轅十二,1.9,d,no,yes
102,Algiedi,a,Cap,牛宿二,3.6,d,no,no
103,Algjebbath,h,Ori,參宿增三,3.4,,no,no
104,Algoers,d,Crv,軫宿三,2.95,d,no,no
105,Algol,b,Per,大陵五,2.12,v,no,yes
106,Algomeyla,b,CMi,南河二,2.9,,no,no
107,Algomeysa,a,CMi,南河三,0.38,,no,no
108,Algorab,d,Crv,軫宿三,2.95,d,no,yes
109,Algoral,d,Crv,軫宿三,2.95,d,no,no
110,Algorel,d,Crv,軫宿三,2.95,d,no,no
111,Alhajoth,a,Aur,五車二,0.08,,no,no
112,Alhena,g,Gem,井宿三,1.93,,no,yes
113,Aliath,e,UMa,"玉衡,北斗五",1.77,,no,no
114,Alifa,x,UMi,勾陳四,4.3,,no,no
115,Alioth,e,UMa,"玉衡,北斗五",1.77,,no,yes
116,Alkaffaljidhina,g,Cet,天囷八,3.5,d,no,no
117,Alkaid,h,UMa,"搖光,北斗七",1.86,,no,yes
118,Alkalurops,m,Boo,七公六,4.5,,no,yes
119,Alkaphrah,c,UMa,太陽守,3.7,,no,no
120,Alkaurops,m,Boo,七公六,4.5,,no,no
121,Alkes,a,Crt,翼宿一,4.2,,no,yes
122,Alkhiba,a,Crv,右轄,4,,no,no
123,Alkirdah,x,Cep,天鉤六,4.3,d,no,no
124,Alkurhah,x,Cep,天鉤六,4.3,d,no,no
125,Almaac,g,And,天大將軍一,2.26,d,no,no
126,Almaach,g,And,天大將軍一,2.26,d,no,no
127,Almaack,g,And,天大將軍一,2.26,d,no,no
128,Almaak,g,And,天大將軍一,2.26,d,no,no
129,Almaaz,e,Aur,柱一(畢宿),2.99,v,no,no
130,Almach,g,And,天大將軍一,2.26,d,no,yes
131,Almak,g,And,天大將軍一,2.26,d,no,no
132,Almeisan,g,Gem,井宿三,1.93,,no,no
133,Almuredin,e,Vir,"東次將,太微左垣四",2.83,,no,no
134,Alnair,a,Gru,鶴一,1.74,,no,no
135,Alnasl,g,Sgr,箕宿一,2.99,,no,yes
136,Alnasr,g,Sgr,箕宿一,2.99,,no,no
137,Alnath,a,Ari,婁宿三,2,,no,no
138,Alnath,g,Dra,天棓四,2.23,,no,no
139,Alnath,b,Tau,五車五,1.65,,no,no
140,Alnihan,e,Ori,參宿二,1.7,,no,no
141,Alnilam,e,Ori,參宿二,1.7,,no,yes
142,Alnitah,x,Ori,參宿一,1.76,,no,no
143,Alnitak,x,Ori,參宿一,1.76,,no,yes
144,Alnitam,e,Ori,參宿二,1.7,,no,no
145,Alniyat,s,Sco,心宿一,2.89,,no,no
146,Alphaca,a,CrB,貫索四,2.23,,no,no
147,Alphacca,a,CrB,貫索四,2.23,,no,no
148,Alphard,a,Hya,星宿一,1.98,,no,yes
149,Alphart,a,Hya,星宿一,1.98,,no,no
150,Alphecca,a,CrB,貫索四,2.23,,no,yes
151,Alphekka,a,CrB,貫索四,2.23,,no,no
152,Alpherat,a,And,壁宿二,2.06,,no,no
153,Alpheratz,a,And,壁宿二,2.06,,no,yes
154,Alphirk,b,Cep,上衛增一(紫微左垣),3.3,,no,no
155,Alrai,g,Cep,少衛增八(紫微左垣),3.9,,no,no
156,Alrakis,m,Dra,天棓增九,5.1,,no,yes
157,Alrami,a,Sgr,天淵三,4.1,,no,no
158,Alrescha,a,Psc,外屏七,4.3,d,no,yes
159,Alrischa,a,Psc,外屏七,4.3,d,no,no
160,Alrisha,a,Psc,外屏七,4.3,d,no,no
161,Alruccabah,a,UMi,"勾陳一,北極星",2.02,d,no,no
162,Alsafi,s,Dra,天廚二,4.7,,no,no
163,Alsahm,a,Sge,左旗一,4.4,,no,no
164,Alschain,b,Aql,河鼓一,3.7,,no,no
165,Alschairn,b,Aql,河鼓一,3.7,,no,no
166,Alsciaukat,31,Lyn,上台增四,4.3,,no,no
167,Alshain,b,Aql,河鼓一,3.7,,no,yes
168,Alshat,n,Cap,牛宿增七,4.6,,no,no
169,Alshemali,m,Leo,軒轅十,3.9,,no,no
170,Alsuhail,l,Vel,天記,2.21,,no,no
171,Altair,a,Aql,河鼓二,0.77,,yes,yes
172,Altais,d,Dra,天廚一,3.07,,no,yes
173,Altarf,b,Cnc,柳宿增十,3.5,,no,no
174,Alterf,l,Leo,軒轅八,4.3,,no,yes
175,Althafi,s,Dra,天廚二,4.7,,no,no
176,Althalimain,l,Aql,天弁七,3.6,,no,no
177,Aludra,h,CMa,弧矢二,2.45,,no,yes
178,Alula Australis,x,UMa,"下台二,三台六",3.9,,no,yes
179,Alula Australe,x,UMa,"下台二,三台六",3.9,,no,no
180,Alula Boreale,n,UMa,"下台一,三台五",3.7,,no,no
181,Alula Borealis,n,UMa,"下台一,三台五",3.7,,no,yes
182,Alwaid,b,Dra,天棓三,2.79,,no,no
183,Alwazl,g,Sgr,箕宿一,2.99,,no,no
184,Alwazn,d,CMa,弧矢一,1.84,,no,no
185,Alya,s,Ser,"徐,天市左垣七",4.5,,no,yes
186,Alzirr,x,Gem,井宿四,3.4,,no,no
187,Amazon Star,g,Ori,參宿五,1.64,,no,no
188,Ancha,q,Aqr,泣二,4.3,,no,yes
189,Anchat,t2,Eri,天苑九,4.8,,no,no
190,Angel Stern,a,UMi,"勾陳一,北極星",2.02,d,no,no
191,Angetenar,t2,Eri,天苑九,4.8,,no,no
192,Ankaa,a,Phe,火鳥六,2.39,,no,yes
193,Anser,a,Vul,齊增五,4.4,,no,no
194,Antares,a,Sco,心宿二,0.96,d,yes,yes
195,Antecanis,a,CMi,南河三,0.38,,no,no
196,Apollo,a,Gem,北河二,1.58,d,no,no
197,Arcturus,a,Boo,大角,-0.04,,yes,yes
198,Arich,g,Vir,"東上相,太微左垣二",2.75,d,no,no
199,Arided,a,Cyg,天津四,1.25,,no,no
200,Aridif,a,Cyg,天津四,1.25,,no,no
201,Arietis,a,Ari,婁宿三,2,,no,no
202,Arkab,b,Sgr,"天淵一,天淵二",4.3,d,no,yes
203,Arkeb Posterior,b2,Sgr,天淵一,4.5,,no,no
204,Arkeb Prior,b1,Sgr,天淵二,4.3,,no,no
205,Arneb,a,Lep,廁一,2.58,,no,yes
206,Arrai,g,Cep,少衛增八(紫微左垣),3.9,,no,no
207,Arrakis,m,Dra,天棓增九,5.1,,no,no
208,Arrioph,a,Cyg,天津四,1.25,,no,no
209,Asad Australis,e,Leo,軒轅九,2.98,,no,no
210,Ascella,x,Sgr,斗宿六,2.6,,no,yes
211,Aschere,a,CMa,天狼,-1.46,d,no,no
212,Asellus Australis,d,Cnc,鬼宿四,4.2,,no,yes
213,Asellus Borealis,g,Cnc,鬼宿三,4.7,,no,yes
214,Asellus Primus,q,Boo,天槍三,4.1,,no,no
215,Asellus Secundus,i,Boo,天槍二,4.8,,no,no
216,Asellus Tertius,k,Boo,天槍一,4.5,,no,no
217,Ashtaroth,a,CrB,貫索四,2.23,,no,no
218,Asmidiske,i,Car,海石二,2.25,,no,no
219,Asmidiske,x,Pup,弧矢增十七,3.5,,no,no
220,Aspidiske,i,Car,海石二,2.25,,no,yes
221,Aspidiske,x,Pup,弧矢增十七,3.5,,no,no
222,Asterion,b,CVn,常陳四,4.3,,no,no
223,Asterope,21,Tau,昴宿三,5.8,,no,no
224,Asuia,b,Dra,天棓三,2.79,,no,no
225,Atair,a,Aql,河鼓二,0.77,,no,no
226,Athafi,s,Dra,天廚二,4.7,,no,no
227,Athafiyy,s,Dra,天廚二,4.7,,no,no
228,Ati,o,Per,卷舌增七,3.8,,no,no
229,Atik,o,Per,卷舌增七,3.8,,no,yes
230,Atiks,o,Per,卷舌增七,3.8,,no,no
231,Atlas,27,Tau,昴宿七,3.8,,no,yes
232,Atria,a,TrA,三角形三,1.92,,no,yes
233,Auva,d,Vir,"東次相,太微左垣三",3.4,,no,no
234,Avior,e,Car,海石一,1.86,,no,yes
235,Azelfafage,p1,Cyg,螣蛇四,4.8,,no,no
236,Azha,h,Eri,天苑六,4.1,,no,yes
237,Azimech,a,Vir,角宿一,0.98,,no,no
238,Azmidiske,i,Car,海石二,2.25,,no,no
239,Azmidiske,x,Pup,弧矢增十七,3.5,,no,no
240,Baham,q,Peg,危宿二,3.5,,no,no
241,Baiten Kaitos,x,Cet,天倉四,3.9,,no,no
242,Baten Kaitos,x,Cet,天倉四,3.9,,no,yes
243,Batenkaitos,x,Cet,天倉四,3.9,,no,no
244,Becrux,b,Cru,十字架三,1.25,,no,no
245,Beid,o1,Eri,九洲殊口二,4.1,,no,yes
246,Bellatrix,g,Ori,參宿五,1.64,,no,yes
247,Benatnasch,h,UMa,"搖光,北斗七",1.86,,no,no
248,Benetnasch,h,UMa,"搖光,北斗七",1.86,,no,no
249,Benetnash,h,UMa,"搖光,北斗七",1.86,,no,no
250,Betelgeuse,a,Ori,參宿四,0.5,v,yes,yes
251,Betelgeux,a,Ori,參宿四,0.5,v,no,no
252,Betelgeuze,a,Ori,參宿四,0.5,v,no,no
253,Biham,q,Peg,危宿二,3.5,,no,yes
254,Botein,d,Ari,天陰四,4.5,,no,no
255,Brachium,s,Lib,折威七,3.3,,no,no
256,Bunda,x,Aqr,天壘城一,4.7,,no,no
257,Caiam,w,Her,斗一,4.6,,no,no
258,Cajam,w,Her,斗一,4.6,,no,no
259,Calbalakrab,a,Sco,心宿二,0.96,d,no,no
260,Calx,m,Gem,井宿一,2.88,,no,no
261,Canicula,a,CMa,天狼,-1.46,d,no,no
262,Canopus,a,Car,老人,-0.72,,yes,yes
263,Capella,a,Aur,五車二,0.08,,yes,yes
264,Caph,b,Cas,王良一,2.27,,no,yes
265,Caput Trianguli,a,Tri,婁宿增六,3.4,,no,no
266,Castor,a,Gem,北河二,1.58,d,no,yes
267,Castula,n,Cas,閣道五,4.8,,no,no
268,Cebalrai,b,Oph,宗正一,2.77,,no,yes
269,Cebelrai,b,Oph,宗正一,2.77,,no,no
270,Ceginus,g,Boo,招搖,3.03,,no,no
271,Celaeno,16,Tau,昴宿增六,5.4,,no,yes
272,Celb-al-Rai,b,Oph,宗正一,2.77,,no,no
273,Celeno,16,Tau,昴宿增六,5.4,,no,no
274,Celieno,16,Tau,昴宿增六,5.4,,no,no
275,Chaph,b,Cas,王良一,2.27,,no,no
276,Chara,a,CVn,常陳一,2.9,,no,no
277,Chara,b,CVn,常陳四,4.3,,no,yes
278,Cheleb,b,Oph,宗正一,2.77,,no,no
279,Chertan,q,Leo,"西次相,太微右垣四",3.4,,no,yes
280,Choo,a,Ara,杵二(箕宿),2.95,,no,no
281,Chort,q,Leo,"西次相,太微右垣四",3.4,,no,no
282,Cih,g,Cas,策,2.47,,no,no
283,Clava,m,Boo,七公六,4.5,,no,no
284,Cor Caroli,a,CVn,常陳一,2.9,,no,yes
285,Cor Hydrae,a,Hya,星宿一,1.98,,no,no
286,Cor Leonis,a,Leo,軒轅十四,1.35,d,no,no
287,Cor Scorpii,a,Sco,心宿二,0.96,d,no,no
288,Cor Sepentis,a,Ser,"蜀,天市右垣七",2.65,,no,no
289,Cor Tauri,a,Tau,畢宿五,0.85,d,no,no
290,Cornu,s,Lib,折威七,3.3,,no,no
291,Coxa,q,Leo,"西次相,太微右垣四",3.4,,no,no
292,Cujam,w,Her,斗一,4.6,,no,no
293,Cursa,b,Eri,玉井三,2.79,,no,yes
294,Cymbae,a,Phe,火鳥六,2.39,,no,no
295,Cynosaura,a,UMi,"勾陳一, 北極星",2.02,d,no,no
296,Cynosura,a,UMi,"勾陳一, 北極星",2.02,d,no,no
297,Dabih,b,Cap,牛宿一,3.08,,no,yes
298,Dabih Major,b1,Cap,牛宿一,3.1,,no,no
299,Dabih Minor,b2,Cap,牛宿一,6.1,,no,no
300,Deneb,e,Aql,吳越增一,4,,no,no
301,Deneb,x,Aql,"吳越,天市左垣六",2.99,,no,no
302,Deneb,h,Cet,天倉二,3.5,,no,no
303,Deneb,a,Cyg,天津四,1.25,,yes,yes
304,Deneb,e,Del,敗瓜一,4,,no,no
305,Deneb,b,Leo,五帝座一,2.14,,no,no
306,Deneb Algedi,d,Cap,壘壁陣四,2.87,,no,yes
307,Deneb Al Giedi,d,Cap,壘壁陣四,2.87,,no,no
308,Deneb al Schemali,i,Cet,天倉一,3.6,,no,no
309,Deneb Aleet,b,Leo,五帝座一,2.14,,no,no
310,Deneb Algedi,d,Cap,壘壁陣四,2.87,,no,no
311,Deneb Algenudi,h,Cet,天倉二,3.5,,no,no
312,Deneb Algiedi,d,Cap,壘壁陣四,2.87,,no,no
313,Deneb Cygni,a,Cyg,天津四,1.25,,no,no
314,Deneb Dulfim,e,Del,敗瓜一,4,,no,no
315,Deneb el Adige,a,Cyg,天津四,1.25,,no,no
316,Deneb el Delphinus,e,Del,敗瓜一,4,,no,no
317,Deneb el Okab,e,Aql,吳越增一,4,,no,no
318,Deneb el Okab,x,Aql,"吳越,天市左垣六",2.99,,no,no
319,Deneb Kait,b,Cet,土司空,2.04,,no,no
320,Deneb Kaitos,b,Cet,土司空,2.04,,no,yes
321,Deneb Kaitos Senubi,b,Cet,土司空,2.04,,no,no
322,Deneb Kaitos Shamaliyy,i,Cet,天倉一,3.6,,no,no
323,Deneb Kaitos Shemali,i,Cet,天倉一,3.6,,no,no
324,Deneb Okab,d,Aql,右旗三,3.4,,no,no
325,Denebola,b,Leo,五帝座一,2.14,,no,yes
326,Denebolan,b,Leo,五帝座一,2.14,,no,no
327,Dhabih,b,Cap,牛宿一,3.08,,no,no
328,Dhalim,b,Eri,玉井三,2.79,,no,no
329,Dheneb,x,Aql,"吳越,天市左垣六",2.99,,no,no
330,Dheneb,h,Cet,天倉二,3.5,,no,no
331,Dhur,d,Leo,"西上相,太微右垣五",2.56,,no,no
332,Diadem,a,Com,"東上將,太微左垣五",5.2,,no,no
333,Difda,b,Cet,土司空,2.04,,no,no
334,Difda al Auwel,a,PsA,北落師門,1.16,,no,no
335,Difda al Thani,b,Cet,土司空,2.04,,no,no
336,Diphda,b,Cet,土司空,2.04,,no,no
337,Dnoces,i,UMa,"上台一,三台一",3.14,,no,no
338,Dschubba,d,Sco,房宿三,2.32,,no,no
339,Dsiban,y,Dra,女史增一,4.9,,no,no
340,Dubb,a,UMa,"天樞,北斗一",1.79,,no,no
341,Dubhe,a,UMa,"天樞,北斗一",1.79,,no,yes
342,Duhr,d,Leo,"西上相,太微右垣五",2.56,,no,no
343,Dziban,y,Dra,女史增一,4.9,,no,no
344,Dzuba,d,Sco,房宿三,2.32,,no,no
345,Ed Asich,i,Dra,"左樞,紫微左垣一",3.3,,no,no
346,Edasich,i,Dra,"左樞,紫微左垣一",3.3,,no,yes
347,El Acola,x,UMa,"下台二,三台六",3.9,,no,no
348,El Dhalim,b,Eri,玉井三,2.79,,no,no
349,El Difda,b,Cet,土司空,2.04,,no,no
350,El Ghoul,b,Per,大陵五,2.12,v,no,no
351,El Kaprah,k,UMa,"上台二,二台二",3.6,,no,no
352,El Karidab,d,Sgr,箕宿二,2.7,,no,no
353,El Khereb,t,Peg,離宮五,4.6,,no,no
354,El Koprah,c,UMa,太陽守,3.7,,no,no
355,El Melik,a,Aqr,危宿一,2.96,,no,no
356,El Nath,a,Ari,婁宿三,2,,no,no
357,El Nath,b,Tau,五車五,1.65,,no,no
358,El Phekrah,m,UMa,"中台二,三台四",3.05,,no,no
359,El Rakis,m,Dra,天棓增九,5.1,,no,no
360,El Rischa,a,Psc,外屏七,4.3,d,no,no
361,Elacrab,b,Sco,房宿四,2.55,d,no,no
362,Eldsich,i,Dra,"左樞,紫微左垣一",3.3,,no,no
363,Electra,17,Tau,昴宿一,3.8,,no,yes
364,Elgebar,b,Ori,參宿七,0.12,d,no,no
365,Elgomaisa,a,CMi,南河三,0.38,,no,no
366,Elkeid,h,UMa,"搖光,北斗七",1.86,,no,no
367,Elkhiffa Australis,a,Lib,氐宿一,2.75,,no,no
368,Elkhiffa Boraelis,b,Lib,氐宿四,2.61,,no,no
369,Elmathalleth,a,Tri,婁宿增六,3.4,,no,no
370,Elmuthalleth,a,Tri,婁宿增六,3.4,,no,no
371,Elnath,b,Tau,五車五,1.65,,no,yes
372,Eltanin,g,Dra,天棓四,2.23,,no,yes
373,Enf,e,Peg,危宿三,2.39,d,no,no
374,Enif,e,Peg,危宿三,2.39,d,no,yes
375,Eniph,e,Peg,危宿三,2.39,d,no,no
376,Enir,e,Peg,危宿三,2.39,d,no,no
377,Er Rai,g,Cep,少衛增八(紫微左垣),3.9,,no,no
378,Er Rakis,m,Dra,天棓增九,5.1,,no,no
379,Erakis,m,Cep,造父四,4.1,v,no,no
380,Errai,g,Cep,少衛增八(紫微左垣),3.9,,no,yes
381,Errakis,m,Dra,天棓增九,5.1,,no,no
382,Etamin,g,Dra,天棓四,2.23,,no,no
383,Etanin,g,Dra,天棓四,2.23,,no,no
384,Ettanin,g,Dra,天棓四,2.23,,no,no
385,Falx Italica,38,Boo,玄戈增二,5.7,,no,no
386,Fidis,a,Lyr,織女一,0.03,d,no,no
387,Fom,e,Peg,危宿三,2.39,d,no,no
388,Fomalhaut,a,PsA,北落師門,1.16,,yes,yes
389,Fornacis,a,For,"天苑增三,天苑增四",3.9,,no,no
390,Fum Al Samakah,b,Psc,霹靂一,4.5,,no,no
391,Furud,z,CMa,孫增一,3.02,,no,yes
392,Gacrux,g,Cru,十字架一,1.63,d,no,yes
393,Gallina,a,Cyg,天津四,1.25,,no,no
394,Garnet Star,m,Cep,造父四,4.1,v,no,no
395,Gemma,a,CrB,貫索四,2.23,,no,no
396,Genam,x,Dra,天棓一,3.8,,no,no
397,Gianfar,l,Dra,"上輔,紫微右垣三",4.1,,no,no
398,Giansar,l,Dra,"上輔,紫微右垣三",4.1,,no,no
399,Giausar,l,Dra,"上輔,紫微右垣三",4.1,,no,yes
400,Giauzar,l,Dra,"上輔,紫微右垣三",4.1,,no,no
401,Giedi,a,Cap,牛宿二,3.6,d,no,no
402,Giede Prime,a1,Cap,牛宿增六,4.2,,no,no
403,Giede Secunda,a2,Cap,牛宿二,3.6,,no,no
404,Gienah,g,Crv,軫宿一,2.59,,no,yes
405,Gienah,e,Cyg,天津九,2.46,,no,no
406,Gienah Cygni,e,Cyg,天津九,2.46,,no,no
407,Gienah Ghurab,g,Crv,軫宿一,2.9,,no,no
408,Gienar,e,Cyg,天津九,2.46,,no,no
409,Gildun,d,UMi,勾陳二,4.4,,no,no
410,Girtab,k,Sco,尾宿七,2.41,,no,no
411,Gnosia,a,CrB,貫索四,2.23,,no,no
412,Gnosia Stella Cornonae,a,CrB,貫索四,2.23,,no,no
413,Gomeisa,b,CMi,南河二,2.9,,no,yes
414,Gomelza,b,CMi,南河二,2.9,,no,no
415,Gorgona,b,Per,大陵五,2.12,v,no,no
416,Gorgonea Prima,b,Per,大陵五,2.12,v,no,no
417,Gorgonea Quarta,w,Per,大陵增十八,4.6,,no,no
418,Gorgonea Secunda,p,Per,積尸,4.7,,no,no
419,Gorgonea Tertia,r,Per,大陵六,3.4,v,no,no
420,Graffias,b,Sco,房宿四,2.55,d,no,yes
421,Graffias,z,Sco,尾宿三,3.8,,no,no
422,Grafias,z,Sco,尾宿三,3.8,,no,no
423,Gredi,a2,Cap,牛宿二,3.6,,no,no
424,Hadar,b,Cen,馬腹一,0.61,,yes,yes
425,Haedus,z,Aur,柱二(畢宿),3.8,,no,no
426,Hamal,a,Ari,婁宿三,2,,no,yes
427,Hamul,a,Ari,婁宿三,2,,no,no
428,Han,z,Oph,"韓,天市右垣十一",2.56,,no,no
429,Haris,g,Boo,招搖,3.03,,no,no
430,Hasseleh,i,Aur,五車一,2.69,,no,no
431,Hastorang,a,PsA,北落師門,1.16,,no,no
432,Hatsya,i,Ori,伐三,2.77,d,no,no
433,Hatysa,i,Ori,伐三,2.77,d,no,no
434,Heka,l,Ori,觜宿一,3.7,,no,no
435,Hemal,a,Ari,婁宿三,2,,no,no
436,Hercules,b,Gem ,北河三,1.14,,no,no
437,Herschel's Garnet Star,m,Cep,造父四,4.1,v,no,no
438,Heze,z,Vir,角宿二,3.4,,no,no
439,Hoedus I,z,Aur,柱二(畢宿),3.8,,no,no
440,Hoedus II,h,Aur,柱三(畢宿),3.17,,no,no
441,Homam,z,Peg,雷電一,3.4,,no,yes
442,Homan,z,Peg,雷電一,3.4,,no,no
443,Humam,z,Peg,雷電一,3.4,,no,no
444,Hyadem I,g,Tau,畢宿四,3.7,,no,no
445,Hyadem II,d1,Tau,畢宿三,3.8,,no,no
446,Hyadem Primus,g,Tau,畢宿四,3.7,,no,no
447,Hyadum I,g,Tau,畢宿四,3.7,,no,no
448,Hyadum II,d1,Tau,畢宿三,3.8,,no,no
449,Hyadum Primus,g,Tau,畢宿四,3.7,,no,no
450,Icalurus,m,Boo,七公六,4.5,,no,no
451,Iclarkrau,d,Sco,房宿三,2.32,,no,no
452,Iclarkrav,d,Sco,房宿三,2.32,,no,no
453,Inkalunis,m,Boo,七公六,4.5,,no,no
454,Isis,a,CMa,天狼,-1.46,d,no,no
455,Isis,g,CMa,天狼增四,4.1,,no,no
456,Izar,e,Boo,梗河一,2.37,d,no,yes
457,Jabbah,n,Sco,鍵閉,4,,no,no
458,Jed,d,Oph,"梁,天市右垣九",2.74,,no,no
459,Jewel,a,CrB,貫索四,2.23,,no,no
460,Job's Star,a,Boo,大角,-0.04,,no,no
461,Jugum,g,Lyr,漸台三,3.2,,no,no
462,Juza,l,Dra,"上輔,紫微右垣三",4.1,,no,no
463,Juza,x,Dra,天棓一,3.8,,no,no
464,Kabeleced,a,Leo,軒轅十四,1.35,d,no,no
465,Kaff,b,Cas,王良一,2.27,,no,no
466,Kaffa,d,UMa,"天權,北斗四",3.4,,no,no
467,Kaffaljidhmah,g,Cet,天囷八,3.5,d,no,no
468,Kaffaljidma,g,Cet,天囷八,3.5,d,no,no
469,Kaitain,a,Psc,外屏七,4.3,d,no,no
470,Kajam,w,Her,斗一,4.6,,no,no
471,Kalb,a,Leo,軒轅十四,1.35,d,no,no
472,Kalb al Akrab,a,Sco,心宿二,0.96,d,no,no
473,Kalb al Rai,b,Oph,宗正一,2.77,,no,no
474,Kalbalrai,b,Oph,宗正一,2.77,,no,no
475,Kalbelaphard,a,Hya,星宿一,1.98,,no,no
476,Kaus Australis,e,Sgr,箕宿三,1.85,,no,yes
477,Kaus Borealis,l,Sgr,斗宿二,2.81,,no,yes
478,Kaus Media,d,Sgr,箕宿二,2.7,,no,yes
479,Kaus Medius,d,Sgr,箕宿二,2.7,,no,no
480,Kaus Meridionalis,d,Sgr,箕宿二,2.7,,no,no
481,Ke Kouan,b,Lup,騎官四,2.68,,no,no
482,Keid,o2,Eri,九州殊口增十一,4.4,,no,yes
483,Kelb,a,Leo,軒轅十四,1.35,d,no,no
484,Kelb Alrai,b,Oph,宗正一,2.77,,no,no
485,Kelb-al-Rai,b,Oph,宗正一,2.77,,no,no
486,Kerb,t,Peg,離宮五,4.6,,no,no
487,Kied,o2,Eri,九洲殊口增十一,4.4,,no,no
488,Kiffa Australis,a,Lib,氐宿一,2.75,,no,no
489,Kiffa Boraelis,b,Lib,氐宿四,2.61,,no,no
490,Kitabpha,a,Equ,虛宿二,3.9,,no,no
491,Kitalpha,a,Equ,虛宿二,3.9,,no,yes
492,Kitalphar,a,Equ,虛宿二,3.9,,no,no
493,Kitel Phard,a,Equ,虛宿二,3.9,,no,no
494,Kocab,b,UMi,"帝,北極二",2.08,,no,no
495,Kochab,b,UMi,"帝,北極二",2.08,,no,yes
496,Kochah,b,UMi,"帝,北極二",2.08,,no,no
497,Korneforos,b,Her,"河中,天市右垣一",2.8,,no,no
498,Kornephoros,b,Her,"河中,天市右垣一",2.8,,no,yes
499,Kraz,b,Crv,軫宿四,2.65,,no,no
500,Ksora,d,Cas,閣道三,2.68,,no,no
501,Kuma,n,Dra,天棓二,5,d,no,no
502,Kurhah,x,Cep,天鉤六,4.3,d,no,yes
503,Kursa,b,Eri,玉井三,2.79,,no,no
504,La Superba,y,CVn,,5.6,,no,no
505,Lesath,l,Sco,尾宿八,1.63,,no,no
506,Lesath,n,Sco,鍵閉,4,,no,no
507,Lesath,u,Sco,尾宿九,2.69,,no,yes
508,Leschath,u,Sco,尾宿九,2.69,,no,no
509,Lesuth,l,Sco,尾宿八,1.63,,no,no
510,Lesuth,u,Sco,尾宿九,2.69,,no,no
511,Lodestar,a,UMi,"勾陳一,北極星",2.02,d,no,no
512,Lucida Cymbae,a,Phe,火鳥六,2.39,,no,no
513,Maasym,l,Her,"趙,天市左垣二",4.5,,no,no
514,Maaz,e,Aur,柱一(畢宿),2.99,v,no,no
515,Mabsuthat,31,Lyn,上台增四,4.3,,no,no
516,Maia,20,Tau,昴宿四,4,,no,yes
517,Maiaplacidus,b,Car ,南船五,1.68,,no,no
518,Marchab,a,Peg,室宿一,2.49,,no,no
519,Marfac,a,Per,天船三,1.79,,no,no
520,Marfak,m,Cas,,5.2,,no,no
521,Marfak,q,Cas,閣道四,4.3,,no,no
522,Marfak,k,Her,"晉,天市右垣三",5.3,d,no,no
523,Marfak,a,Per,天船三,1.79,,no,no
524,Marfic,l,Oph,列肆二,3.8,,no,no
525,Marfik,k,Her,"晉,天市右垣三",5.3,d,no,no
526,Marfik,l,Oph,列肆二,3.8,,no,yes
527,Markab,a,Peg,室宿一,2.49,,no,yes
528,Markab,t,Peg,離宮五,4.6,,no,no
529,Markab,k1,Pup,弧矢六,4.5,,no,no
530,Markeb,t,Peg,離宮五,4.6,,no,no
531,Markeb,k1,Pup ,弧矢六,4.5,,no,no
532,Markeb,C,Vel,,3.4,,no,no
533,Marrha,38,Boo,玄戈增二,5.7,,no,no
534,Marsic,l,Oph,列肆二,3.8,,no,no
535,Marsik,k,Her,"晉,天市右垣三",5.3,d,no,no
536,Masym,l,Her,"趙,天市左垣二",4.5,,no,no
537,Matar,h,Peg,離宮四,2.94,,no,yes
538,Mebsuta,e,Gem,井宿五,2.98,,no,yes
539,Mebusta,e,Gem ,井宿五,2.98,,no,no
540,Media,d,Sgr,箕宿二,2.7,,no,no
541,Megres,d,UMa,"天權,北斗四",3.4,,no,yes
542,Megrez,d,UMa,"天權,北斗四",3.4,,no,no
543,Meissa,l,Ori,觜宿一,3.7,,no,yes
544,Mekab,a,Cet,天囷一,2.53,,no,no
545,Mekbuda,z,Gem,井宿七,3.8,v,no,yes
546,Melboula,e,Gem,井宿五,2.98,,no,no
547,Melucta,e,Gem,井宿五,2.98,,no,no
548,Men,a,Lup,騎官十,2.3,,no,no
549,Menchib,x,Per,卷舌三,4.6,,no,no
550,Menkab,a,Cet,天囷一,2.53,,no,no
551,Menkalina,b,Aur,五車三,1.9,,no,no
552,Menkalinan,b,Aur,五車三,1.9,,no,yes
553,Menkar,a,Cet,天囷一,2.53,,no,yes
554,Menkar,l,Cet,天囷三,4.7,,no,no
555,Menkent,q,Cen,庫樓三,2.06,,no,yes
556,Menkhib,z,Per,卷舌四,2.85,,no,no
557,Menkib,b,Peg,室宿二,2.42,v,no,no
558,Menkib,z,Per,卷舌四,2.85,,no,yes
559,Merach,b,And,奎宿九,2.06,,no,no
560,Merak,b,UMa,"天璇,北斗二",2.37,,no,yes
561,Meres,b,Boo,七公增五,3.6,,no,no
562,Merez,b,Boo,七公增五,3.6,,no,no
563,Merga,38,Boo,玄戈增二,5.7,,no,no
564,Meridiana,a,CrA,鱉六,4.1,,no,no
565,Merope,23,Tau,昴宿五,4.2,,no,yes
566,Mesarthim,g,Ari,婁宿二,4.8,d,no,no
567,Mesartim,g,Ari,婁宿二,4.8,d,no,yes
568,Metallah,a,Tri,婁宿增六,3.4,,no,no
569,Metallah,a,Tri,婁宿增六,3.4,,no,no
570,Miaplacidus,b,Car,南船五,1.68,,no,yes
571,Mimosa,b,Cru,十字架三,1.25,,no,yes
572,Minelauva,b,Vir,"右執法,太微右垣一",3.6,,no,no
573,Minelauva,d,Vir,"東次相,太微左垣三",3.4,,no,no
574,Minelauva,d,Vir,"東次相,太微左垣三",3.4,,no,no
575,Minkar,e,Crv,軫宿二,3,,no,no
576,Mintaka,d,Ori,參宿三,2.23,d,no,yes
577,Mintika,d,Ori,參宿三,2.23,d,no,no
578,Mira,o,Cet,芻�ˉW二,1.7,v,no,yes
579,Mirac,b,And,奎宿九,2.06,,no,no
580,Mirac,e,Boo,梗河一,2.37,d,no,no
581,Mirach,b,And,奎宿九,2.06,,no,yes
582,Mirach,e,Boo,梗河一,2.37,d,no,no
583,Mirak,e,Boo,梗河一,2.37,d,no,no
584,Miram,h,Per,天船一,3.9,d,no,no
585,Mirfak,k,Her,"晉,天市右垣三",5.3,d,no,no
586,Mirfak,a,Peg,室宿一,2.49,,no,no
587,Mirfak,a,Per,天船三,1.79,,no,yes
588,Mirphak,a,Peg,室宿一,2.49,,no,no
589,Mirphak,a,Per,天船三,1.79,,no,no
590,Mirrak,e,Boo,梗河一,2.37,d,no,no
591,Mirza,b,CMa,軍市一,1.98,,no,no
592,Mirza,g,CMa,天狼增四,4.1,,no,no
593,Mirza,z,UMa,"開陽,北斗六",2.27,,no,no
594,Mirzak,a,Per,天船三,1.79,,no,no
595,Mirzam,b,CMa,軍市一,1.98,,no,yes
596,Mirzim,b,CMa,軍市一,1.98,,no,no
597,Misam,l,Her,"趙,天市左垣二",4.5,,no,no
598,Misam,k,Per,大陵四,4,,no,no
599,Mismar,a,UMi,"勾陳一,北極星",2.02,d,no,no
600,Mizar,b,And,奎宿九,2.06,,no,no
601,Mizar,e,Boo,梗河一,2.37,d,no,no
602,Mizar,z,UMa,"開陽,北斗六",2.27,,no,yes
603,Mizat,z,UMa,"開陽,北斗六",2.27,,no,no
604,Monkar,a,Cet,天囷一,2.53,,no,no
605,Mothallah,a,Tri,婁宿增六,3.4,,no,no
606,Mufrid,h,Boo,右攝提一,2.86,,no,no
607,Mufride,h,Boo,右攝提一,2.86,,no,no
608,Muhlifain,g,Cen,庫樓七,2.17,,no,no
609,Muliphain,g,CMa,天狼增四,4.1,,no,no
610,Muliphein,g,CMa,天狼增四,4.1,,no,no
611,Muliphen,g,CMa,天狼增四,4.1,,no,no
612,Muphrid,h,Boo,右攝提一,2.86,,no,yes
613,Muphride,h,Boo,右攝提一,2.86,,no,no
614,Murzim,b,CMa,軍市一,1.98,,no,no
615,Muscida,o,UMa,內階一,3.4,,no,yes
616,Muscida,p2,UMa,內階增七,4.8,,no,no
617,Museida,p2,UMa,內階增七,4.8,,no,no
618,Nair al Saif,i,Ori,伐三,2.77,d,no,no
619,Nair al Zaurak,a,Phe,火鳥六,2.39,,no,no
620,Naos,z,Pup,弧矢增二十二,2.25,,no,no
621,Nash,g,Sgr,箕宿一,2.99,,no,no
622,Nashira,g,Cap,壘壁陣三,3.8,,no,yes
623,Nasl,g,Sgr,箕宿一,2.99,,no,no
624,Nath,b,Tau,五車五,1.65,,no,no
625,Navi,e,Cas,閣道二,3.4,,no,no
626,Navigatoria,a,UMi,"勾陳一,北極星",2.02,d,no,no
627,Nekkar,b,Boo,七公增五,3.6,,no,yes
628,Nibal,b,Lep,廁二,2.84,,no,no
629,Nicolaus,a,Del ,瓠瓜一,3.8,,no,no
630,Nihal,b,Lep,廁二,2.84,,no,yes
631,Nodus I,z,Dra,"上弼,紫微左垣四",3.2,,no,no
632,Nodus II,d,Dra,天廚一,3.07,,no,no
633,Nodus Secundus,d,Dra,天廚一,3.07,,no,no
634,Nunki,s,Sgr,斗宿四,2.02,,no,yes
635,Nusakan,b,CrB,貫索三,3.1,,no,yes
636,Nushaba,g,Sgr,箕宿一,2.99,,no,no
637,Oculus Boreus,e,Tau,畢宿一,3.6,,no,no
638,Okda,a,Psc,外屏七,4.3,d,no,no
639,Os Pegasi,e,Peg,危宿三,2.39,d,no,no
640,Os Piscis Meridiani,a,PsA,北落師門,1.16,,no,no
641,Os Piscis Notii,a,PsA,北落師門,1.16,,no,no
642,Osiris,a,CMa,天狼,-1.46,d,no,no
643,Palilicium,a,Tau,畢宿五,0.85,d,no,no
644,Parilicium,a,Tau,畢宿五,0.85,d,no,no
645,Peacock,a,Pav,孔雀十一,1.94,,no,yes
646,Phacd,g,UMa,"天璣,北斗三",2.44,,no,no
647,Phack,a,Col,丈人一,2.64,,no,no
648,Phact,a,Col,丈人一,2.64,,no,yes
649,Phad,a,Col,丈人一,2.64,,no,no
650,Phad,g,UMa,"天璣,北斗三",2.44,,no,no
651,Phad,g,UMa,"天璣,北斗三",2.44,,no,no
652,Phaet,a,Col,丈人一,2.64,,no,no
653,Phakt,a,Col,丈人一,2.64,,no,no
654,Phecda,g,UMa,"天璣,北斗三",2.44,,no,yes
655,Phegda,g,UMa,"天璣,北斗三",2.44,,no,no
656,Phakda,g,UMa,"天璣,北斗三",2.44,,no,no
657,Phekha,g,UMa,"天璣,北斗三",2.44,,no,no
658,Pherkad,g,UMi,"太子,北極一",3.05,,no,yes
659,Pherkad Major,g,UMi,"太子,北極一",3.05,,no,no
660,Pherkad Minor,l,UMi,勾陳增五,5,,no,no
661,Pherkard,d,UMi,勾陳二,4.4,,no,no
662,Phoenice,a,UMi,"勾陳一,北極星",2.02,d,no,no
663,Phurad,z,CMa,孫增一,3.02,,no,no
664,Phurud,z,CMa,孫增一,3.02,,no,no
665,Pishpai,m,Gem,井宿一,2.88,,no,no
666,Plaskett's Star,V640,Mon,,6.1,,no,no
667,Pleione,28,Tau,昴宿增十二,5.1,,no,yes
668,Polaris,a,UMi,"勾陳一,北極星",2.02,d,no,yes
669,Poaris Australis,s,Oct,南極,5.5,,no,no
670,Pollux,b,Gem,北河三,1.14,,yes,yes
671,Porrima,g,Vir,"東上相,太微左垣二",2.75,d,no,yes
672,Postvarta,g,Vir,"東上相,太微左垣二",2.75,d,no,no
673,Praecipua,46,LMi,勢四,3.8,,no,no
674,Prima Giedi,a,Cap,牛宿二,3.6,d,no,no
675,Procyon,a,CMi,南河三,0.38,,yes,yes
676,Propus,h,Gem,鉞,3.3,v,no,yes
677,Propus,i,Gem,五諸侯三(井宿),3.8,,no,no
678,Protrygetor,e,Vir ,"東次將,太微左垣四",2.83,,no,no
679,Pulcherrima,e,Boo,梗河一,2.37,d,no,no
680,Rana,d,Eri,天苑三,3.7,,no,no
681,Rana Secunda,b,Cet,土司空,2.04,,no,no
682,Ras al Asad,m,Leo,軒轅十,3.9,,no,no
683,Ras al Mothallath,a,Tri,婁宿增六,3.4,,no,no
684,Ras al Muthallath,a,Tri,婁宿增六,3.4,,no,no
685,Ras Algethi,a,Her,帝座,3.08,d,no,no
686,Ras Alhagua,a,Oph,候,2.08,,no,no
687,Ras Elased Australis,e,Leo,軒轅九,2.98,,no,no
688,Ras Elased Boraelis,m,Leo,軒轅十,3.9,,no,no
689,Ras Hammel,a,Ari,婁宿三,2,,no,no
690,Ras-al-hague,a,Oph,候,2.08,,no,no
691,Ras-Alhague,a,Oph,候,2.08,,no,no
692,Rasaben,b,Dra,天棓三,2.79,,no,no
693,Rasalas,m,Leo,軒轅十,3.9,,no,yes
694,Rasalegti,a,Her,帝座,3.08,,no,no
695,Rasalgethi,a,Her,帝座,3.08,,no,yes
696,Rasalhague,a,Oph,候,2.08,,no,yes
697,Rasalmothallah,a,Tri,婁宿增六,3.4,,no,no
698,Rassalas,m,Leo,軒轅十,3.9,,no,no
699,Rastaban,b,Dra,天棓三,2.79,,no,yes
700,Rastaban,g,Dra,天棓四,2.23,,no,no
701,Rastaben,b,Dra,天棓三,2.79,,no,no
702,Reda,g,Aql,河鼓三,2.72,,no,no
703,Regor,g,Vel,天社一,1.8,,no,no
704,Regulus,a,Leo,軒轅十四,1.35,d,yes,yes
705,Rescha,a,Psc,外屏七,4.3,d,no,no
706,Rex,a,Leo,軒轅十四,1.35,d,no,no
707,Rigel,b,Ori,參宿七,0.12,d,yes,yes
708,Rigel Kent,a,Cen,南門二,-0.27,d,no,no
709,Rigel Kentaurus,a,Cen,南門二,-0.27,d,no,no
710,Rigil Kent,a,Cen,南門二,-0.27,d,no,no
711,Rigil Kentaurus,a,Cen,南門二,-0.27,d,yes,yes
712,Rigl al Awwa,m,Vir,亢宿增七,3.9,,no,no
713,Rotanen,b,Del ,瓠瓜四,3.7,,no,no
714,Rotanev,b,Del,瓠瓜四,3.7,,no,no
715,Rucha,d,Cas,閣道三,2.68,,no,no
716,Ruchba,o2,Cyg,天津增三十七,5.4,,no,no
717,Ruchbah,d,Cas,閣道三,2.68,,no,yes
718,Ruchbah,e,Cas,閣道二,3.4,,no,no
719,Rukbat,a,Sgr,天淵三,4.1,,no,yes
720,Rukbat al Rami,a,Sgr,天淵三,4.1,,no,no
721,Rukbat al-dejajah,o2,Cyg,天津增三十七,5.4,,no,no
722,Rutilicus,b,Her,"河中,天市右垣一",2.8,,no,no
723,Rutilicus,z,Her,天紀二,2.81,,no,no
724,"Saad el     
        Melik",a,Aqr,危宿一,2.96,,no,no
725,Saad el Suud,b,Aqr,虛宿一,2.91,,no,no
726,Saak,h,Boo,右攝提一,2.86,,no,no
727,Sabik,h,Oph,"宋,天市左垣十一",2.43,,no,yes
728,Saclateni,z,Aur,柱二(畢宿),3.8,,no,no
729,Sad es Saud,b,Aqr,虛宿一,2.91,,no,no
730,Sadachbia,g,Aqr,墳墓二,3.8,,no,yes
731,Sadal Melik,a,Aqr,危宿一,2.96,,no,no
732,Sadalachbia,g,Aqr,墳墓二,3.8,,no,no
733,Sadalbari,m,Peg,離宮二,3.5,,no,yes
734,Sadalmelek,a,Aqr,危宿一,2.96,,no,no
735,Sadalmelik,a,Aqr,危宿一,2.96,,no,yes
736,Sadalsud,b,Aqr,虛宿一,2.91,,no,no
737,Sadalsund,b,Aqr,虛宿一,2.91,,no,no
738,Sadalsuud,b,Aqr,虛宿一,2.91,,no,yes
739,Sadatoni,z,Aur,柱二(畢宿),3.8,,no,no
740,Sadatoni,z,Car,柱二(畢宿),4,v,no,no
741,Sadir,g,Cyg ,天津一,2.2,,no,no
742,Sadira,s,Sgr,斗宿四,2.02,,no,no
743,Sadlamulk,a,Aqr,危宿一,2.96,,no,no
744,Sador,g,Cyg,天津一,2.2,,no,no
745,Sadr,g,Cyg,天津一,2.2,,no,yes
746,Sadr el dedschadsche,g,Cyg,天津一,2.2,,no,no
747,Saidak,80,UMa,開陽增一,4,,no,no
748,Saiph,h,Ori,參宿增三,3.4,,no,no
749,Saiph,i,Ori,伐三,2.77,d,no,no
750,Saiph,k,Ori,參宿六,2.06,,no,yes
751,Salm,t,Peg ,離宮五,4.6,,no,no
752,Sargas,q,Sco,尾宿五,1.87,,no,no
753,Sarin,d,Her,"魏,天市左垣一",3.14,,no,no
754,Sartan,a,Cnc,柳宿增三,4.3,,no,no
755,Scalovin,a,Del,瓠瓜一,3.8,,no,no
756,Sceptrum,53,Eri,九斿增四,4,,no,no
757,Scheat,d,Aqr,羽林軍二十六,3.3,,no,no
758,Scheat,b,Peg,室宿二,2.42,v,no,yes
759,Schedar,a,Cas,王良四,2.23,v,no,yes
760,Scheddi,d,Cap,壘壁陣四,2.87,,no,no
761,Schedir,a,Cas,王良四,2.23,v,no,no
762,Schemali,i,Cet,天倉一,3.6,,no,no
763,Scutulum,i,Car,海石二,2.25,,no,no
764,Seat Alpheras,b,Peg,室宿二,2.42,v,no,no
765,Secunda Giedi,a2,Cap ,牛宿二,3.6,,no,no
766,Segin,e,Cas,閣道二,3.4,,no,no
767,Seginus,g,Boo,招搖,3.03,,no,yes
768,Sertan,a,Cnc,柳宿增三,4.3,,no,no
769,Sham,a,Sge,左旗一,4.4,,no,no
770,Sharatan,b,Ari,婁宿一,2.64,,no,no
771,Shaula,l,Sco,尾宿八,1.63,,no,yes
772,Sheat,b,Peg,室宿二,2.42,v,no,no
773,Shedar,a,Cas,王良四,2.23,v,no,no
774,Sheddi,d,Cap,壘壁陣四,2.87,,no,no
775,Shedir,a,Cas,王良四,2.23,v,no,no
776,Shedir,a,Cas,王良四,2.23,v,no,no
777,Sheliak,b,Lyr,漸台二,3.4,v,no,yes
778,Shelyak,b,Lyr,漸台二,3.4,v,no,no
779,Shemali,i,Cet,天倉一,3.6,,no,no
780,Sheratan,b,Ari,婁宿一,2.64,,no,yes
781,Shiliak,b,Lyr,漸台二,3.4,v,no,no
782,Singer,a,Aur,五車二,0.08,,no,no
783,Sirah,a,And,壁宿二,2.06,,no,no
784,Sirius,a,CMa,天狼,-1.46,d,yes,yes
785,Sirrah,a,And,壁宿二,2.06,,no,no
786,Situla,k,Aqr,虛梁三,5.3,,no,no
787,Skat,d,Aqr,羽林軍二十六,3.3,,no,yes
788,Spica,a,Vir,角宿一,0.98,,yes,yes
789,Spica Virginis,a,Vir,角宿一,0.98,,no,no
790,Sterope,21,Tau,昴宿三,5.8,,no,yes
791,Sualocin,a,Del ,瓠瓜一,3.8,,no,no
792,Subra,o,Leo,軒轅十五,3.8,,no,no
793,Suha,80,UMa,開陽增一,4,,no,no
794,Suhail,a,Car,老人,-0.72,,no,no
795,Suhail,l,Vel,天記,2.21,,no,no
796,Suhail al Mulif,g,Vel,天社一,1.8,,no,no
797,Suhail al Wazn,l,Vel,天記,2.21,,no,no
798,Suhail Hadar,z,Pup,弧矢增二十二,2.25,,no,no
799,Suhail Radar,z,Car,柱二(畢宿),4,v,no,no
800,Suhel,a,Car,老人,-0.72,,no,no
801,Sulafat,g,Lyr,漸台三,3.2,,no,yes
802,Sulaphat,g,Lyr,漸台三,3.2,,no,no
803,Superba,Y,CVn,,5,,no,no
804,Svalocin,a,Del,瓠瓜一,3.8,,no,no
805,Syrma,i,Vir,亢宿二,4.2,,no,yes
806,Ta Tsun,p,UMa,"內階增七,內階增九",4.8,,no,no
807,Tabit,p3,Ori,參旗六,3.3,,no,no
808,Tabit,u,Ori,參宿增三十六,4.6,,no,no
809,Tais,d,Dra,天廚一,3.07,,no,no
810,Talita,i,UMa,"上台一,三台一",3.14,,no,no
811,Talitha,i,UMa,"上台一,三台一",3.14,,no,yes
812,Tania Australis,m,UMa,"中台二,三台四",3.05,,no,yes
813,Tania Borealis,l,UMa,"中台一,三台三",3.5,,no,yes
814,Tarazad,g,Aql,河鼓三,2.72,,no,no
815,Tarazed,g,Aql,河鼓三,2.72,,no,yes
816,Tarf,b,Cnc,柳宿增十,3.5,,no,no
817,Tayeta,19,Tau,昴宿二,4.4,,no,no
818,Taygeta,19,Tau,昴宿二,4.4,,no,yes
819,Taygete,19,Tau,昴宿二,4.4,,no,no
820,Tegmen,z,Cnc,水位四,4.7,d,no,no
821,Tegmine,z,Cnc,水位四,4.7,d,no,no
822,Tejat,m,Gem,井宿一,2.88,,no,no
823,Tejat Posterior,m,Gem,井宿一,2.88,,no,no
824,Tejat Prior,h,Gem,鉞,3.3,v,no,no
825,Terebellum,59,Sgr,狗國四,4.5,,no,no
826,Thabit,u,Ori,參宿增三十六,4.6,,no,no
827,Theemim,n2,Eri,天園九,3.8,,no,no
828,Theemin,n2,Eri,天園九,3.8,,no,no
829,Theemini,d,Eri,天苑三,3.7,,no,no
830,Thuban,a,Dra,"右樞,紫微右垣一",3.7,,no,yes
831,Toliman,a,Cen,南門二,-0.27,d,no,no
832,Tolimann,a,Cen,南門二,-0.27,d,no,no
833,Torcularis Septentrionalis,o,Psc,右更四,4.3,,no,no
834,Tramontana,a,UMi,"勾陳一,北極星",2.02,d,no,no
835,Tsih,g,Cas,策,2.47,,no,no
836,Turais,i,Car,海石二,2.25,,no,no
837,Tureis,i,Car,海石二,2.25,,no,no
838,Tyl,e,Dra,天廚三,4,,no,no
839,Unuk,a,Ser,"蜀,天市右垣七",2.65,,no,no
840,Unuk al Hai,a,Ser,"蜀,天市右垣七",2.65,,no,no
841,Unuk El Haia,a,Ser,"蜀,天市右垣七",2.65,,no,no
842,Unuk Elhaia,a,Ser,"蜀,天市右垣七",2.65,,no,no
843,Unukalhai,a,Ser,"蜀,天市右垣七",2.65,,no,yes
844,Urkab Posterior,b2,Sgr,天淵一,4.5,,no,no
845,Urkab Prior,b1,Sgr,天淵二,4.3,,no,no
846,Variabilis Coronae,R,CrB,,5.8,v,no,no
847,Vega,a,Lyr,織女一,0.03,d,yes,yes
848,Venabulum,m,Boo,七公六,4.5,,no,no
849,Venator,b,Del ,瓠瓜四,3.7,,no,no
850,Vendemiatrix,e,Vir,"東次相,太微左垣四",2.83,,no,no
851,Vespertilio,a,Sco,心宿二,0.96,d,no,no
852,Vespertilo,a,Sco,心宿二,0.96,d,no,no
853,Vildiur,d,UMi,勾陳二,4.4,,no,no
854,Vindemiator,e,Vir,"東次將,太微左垣四",2.83,,no,no
855,Vindemiatrix,e,Vir,"東次將,太微左垣四",2.83,,no,yes
856,Wasat,d,Gem,天樽二,3.5,,no,yes
857,Wasn,b,Col,子二,3.12,,no,no
858,Wazn,b,Col,子二,3.12,,no,yes
859,Wei,e,Sco,尾宿二,2.29,,no,no
860,Wesen,d,CMa,弧矢一,1.84,,no,no
861,Wezea,d,CMa,弧矢一,1.84,,no,no
862,Wezen,d,CMa,弧矢一,1.84,,no,no
863,Wezn,b,Col,子二,3.12,,no,no
864,Yad,d,Oph,"梁,天市右垣九",2.74,,no,no
865,Yed,d,Oph,"梁,天市右垣九",2.74,,no,no
866,Yed Post,e,Oph,"楚,天市右垣十",3.3,,no,no
867,Yed Posterior,e,Oph,"楚,天市右垣十",3.3,,no,yes
868,Yed Prior,d,Oph,"梁,天市右垣九",2.74,,no,yes
869,Yildun,d,UMi,勾陳二,4.4,,no,no
870,Yilduz,a,UMi,"勾陳一,北極星",2.02,d,no,no
871,Yilduz,d,UMi,勾陳二,4.4,,no,no
872,Zania,h,Vir,"左執法,太微左垣一",4.1,,no,no
873,Zaniah,h,Vir,"左執法,太微左垣一",4.1,,no,yes
874,Zarijan,b,Vir,"右執法,太微右垣一",3.6,,no,no
875,Zaurac,g,Eri,天苑一,2.95,,no,no
876,Zaurack,g,Eri,天苑一,2.95,,no,no
877,Zaurak,g,Eri,天苑一,2.95,,no,yes
878,Zavijah,b,Vir,"右執法,太微右垣一",3.6,,no,no
879,Zavijava,b,Vir,"右執法,太微右垣一",3.6,,no,yes
880,Zavyava,b,Vir,"右執法,太微右垣一",3.6,,no,no
881,Zawijah,b,Vir,"右執法,太微右垣一",3.6,,no,no
882,Zebeneschamali,b,Lib,氐宿四,2.61,,no,no
883,Zenith Star,g,Dra,天棓四,2.23,,no,no
884,Zeubenelhakrabi,g,Lib,氐宿三,4,,no,no
885,Zibal,z,Eri,天苑五,4.9,,no,no
886,Zibel,z,Eri,天苑五,4.9,,no,no
887,Zosca,d,Leo,"西上相,太微右垣五",2.56,,no,no
888,Zosma,d,Leo,"西上相,太微右垣五",2.56,,no,yes
889,Zozca,d,Leo,"西上相,太微右垣五",2.56,,no,no
890,Zozma,d,Leo,"西上相,太微右垣五",2.56,,no,no
891,Zuben el Chamali,b,Lib,氐宿四,2.61,,no,no
892,Zuben el Genubi,a,Lib,氐宿一,2.75,,no,no
893,Zuben el Genubi,g,Sco,,3.3,,no,no
894,Zuben el Hakrabi,g,Lib,氐宿三,4,,no,no
895,Zuben Elakrab,g,Lib ,氐宿三,4,,no,no
896,Zuben Elakribi,d,Lib ,氐宿增一,4.9,v,no,no
897,Zuben Elgenubi,a,Lib ,氐宿一,2.75,,no,no
898,Zuben Elgenubi,g,Sco,,3.3,,no,no
899,Zuben Elschemali,b,Lib,氐宿四,2.61,,no,no
900,Zuben Hakrabi,g,Lib,氐宿三,4,,no,no
901,Zuben Hakrabi,h,Lib,西咸四,5.4,,no,no
902,Zuben Hakrabi,n,Lib,氐宿增十,5.2,,no,no
903,Zuben Hakrabi,g,Sco,,3.3,,no,no
904,Zuben Hakraki,g,Lib,氐宿三,4,,no,no
905,Zubenalgubi,s,Lib,折威七,3.3,,no,no
906,Zubenalgubi,g,Sco,,3.3,,no,no
907,Zubenelakrab,g,Lib,氐宿三,4,,no,no
908,Zubenelakribi,d,Lib,氐宿增一,4.9,v,no,no
909,Zubenelchemali,b,Lib,氐宿四,2.61,,no,no
910,Zubenelg,b,Lib,氐宿四,2.61,,no,no
911,Zubenelgenubi,a,Lib,氐宿一,2.75,,no,yes
912,Zubenesch,b,Lib,氐宿四,2.61,,no,no
913,Zubeneschamali,b,Lib,氐宿四,2.61,,no,yes
914,Zubenhakrabi,g,Lib,氐宿三,4,,no,no
915,Zubra,d,Leo,"西上相,太微右垣五",2.56,,no,no
916,Zuji al Nushshabah,g,Sgr,箕宿一,2.99,,no,no
